Epsilon,Class,Accuracy Mean,Accuracy Std
1000000000,1,99.43589743589743,0.29902317409462953
1000000000,0,63.8034188034188,1.8135978781130735
