Epsilon,Accuracy Mean,Accuracy Std,AUC Mean,AUC Std
1000000000,86.07371794871794,0.6183904288966258,0.9227109357878588,0.01565540468273959
