Epsilon,Accuracy Mean,Accuracy Std,AUC Mean,AUC Std
0.01,82.01923076923076,2.9669517071583966,0.9331119877273725,0.021720596896452206
0.1,82.08333333333333,2.7588316734622205,0.9299222003068156,0.029412551514490615
1.0,84.13461538461539,2.5073855404625567,0.9383125136971291,0.014338200739188001
10.0,84.69551282051283,2.1443840733207997,0.929498137190445,0.01550031326314129
100.0,86.05769230769229,0.5168113941216999,0.9125016436554898,0.012799024691605944
1000.0,86.00961538461539,0.680099204292403,0.9196548323471401,0.015466259231005502
